{
  "token_acc": 0.9859169756,
  "token_p": 0.9530830451,
  "token_r": 0.9572374635,
  "token_f": 0.955155737,
  "sents_p": 0.9066101256,
  "sents_r": 0.8158408343,
  "sents_f": 0.8588338112,
  "speed": 148768.6037032994
}